id,nome,sexo,idade,experiencia,departamento,salario,data_admissao
1,Cecília,M,21,2,Logística 2,2457,2020-05-25
2,Evelyn,M,26,8,Logística 1,3209,2020-12-12
3,Cauã,F,22,0,Logística 1,2447,2012-10-21
4,Lucas,M,52,1,Logística 2,3466,2025-05-30
5,Davi Luiz,F,34,14,Transporte,3657,2021-02-24
6,Mirella,M,30,11,Armazenagem,2696,2023-08-21
7,Maria Julia,F,29,3,Transporte,2209,2016-03-31
8,Isabel,M,44,3,Transporte,3735,2018-12-03
9,Cauã,F,58,16,Logística 1,3494,2015-02-21
10,Valentina,F,54,7,Armazenagem,2161,2015-04-29
11,Valentina,F,60,39,Transporte,3182,2012-04-14
12,Pedro Miguel,M,24,0,Logística 2,3583,2013-08-18
13,Pedro Miguel,F,25,3,Logística 1,2778,2018-07-15
14,Anthony,F,49,23,Logística 2,2758,2024-06-18
15,Esther,F,33,8,Logística 1,3247,2016-01-10
16,Elisa,M,54,15,Logística 2,2946,2022-01-31
17,Agatha,F,37,17,Logística 2,3402,2013-08-14
18,Isabella,F,23,1,Logística 1,3648,2016-10-06
19,Lucas Gabriel,F,45,8,Logística 1,2432,2015-09-21
20,Ana Lívia,F,33,15,Armazenagem,3811,2022-09-17
21,Yago,F,29,4,Logística 2,2505,2017-12-06
22,Diego,F,57,27,Armazenagem,2741,2024-03-01
23,Maria Eduarda,M,28,8,Armazenagem,2186,2016-05-25
24,Raul,M,27,2,Logística 2,3622,2023-11-24
25,Julia,F,58,4,Armazenagem,2781,2015-12-08
26,Augusto,F,53,16,Logística 1,3393,2016-06-13
27,Ana Luiza,M,54,17,Transporte,2228,2017-08-01
28,Ana Júlia,F,47,5,Armazenagem,2006,2015-05-29
29,Luiz Gustavo,F,52,11,Logística 1,3782,2019-03-19
30,Isis,F,60,32,Logística 2,2313,2020-02-06
31,João Felipe,F,30,8,Logística 1,3226,2020-09-29
32,Thales,F,51,1,Logística 1,3902,2018-06-14
33,Lucas Gabriel,F,39,7,Logística 1,2493,2021-12-27
34,Emilly,M,25,7,Logística 1,3557,2020-06-03
35,Lara,M,28,10,Armazenagem,3939,2019-06-09
36,Lívia,M,36,16,Armazenagem,3975,2017-05-25
37,Maria Fernanda,M,54,12,Transporte,2817,2014-06-16
38,Pedro Miguel,F,48,28,Armazenagem,2247,2021-10-30
39,Camila,M,34,2,Transporte,2043,2015-07-14
40,Kamilly,M,57,14,Logística 1,2145,2024-01-15
41,Maria Vitória,M,34,2,Logística 1,3760,2019-02-25
42,João Guilherme,F,24,4,Logística 2,2570,2017-03-30
43,Luiz Felipe,F,33,4,Armazenagem,2497,2011-12-20
44,Luiz Felipe,F,46,6,Logística 1,2198,2016-07-01
45,Marina,F,42,13,Armazenagem,2956,2024-07-03
46,Thales,M,26,0,Armazenagem,3491,2024-01-17
47,Maitê,F,26,3,Logística 2,2389,2024-12-05
48,Vicente,F,28,6,Logística 2,2570,2014-03-10
49,Eduarda,F,35,2,Armazenagem,3654,2016-11-26
50,Luiz Henrique,M,23,5,Logística 1,3984,2022-07-24
51,Luana,M,35,5,Armazenagem,2994,2023-11-02
52,Daniela,F,33,12,Logística 1,2337,2015-01-24
53,João Guilherme,F,20,1,Transporte,3897,2021-07-30
54,Benício,F,38,13,Armazenagem,2317,2022-07-20
55,Yago,M,38,6,Logística 1,3186,2021-11-30
56,Laís,M,40,1,Logística 1,3196,2020-06-14
57,Isis,F,52,33,Logística 2,2116,2016-02-28
58,Beatriz,M,31,1,Logística 1,3382,2017-08-27
59,Enzo,M,45,3,Logística 2,3185,2011-11-30
60,Fernando,M,59,5,Armazenagem,3346,2013-12-07
61,Vitor Gabriel,F,36,6,Transporte,2488,2021-03-31
62,Milena,F,45,4,Transporte,2936,2022-02-07
63,Isabella,F,24,0,Armazenagem,3272,2015-10-23
64,Cecília,M,24,4,Logística 2,3036,2015-04-13
65,Luiz Gustavo,F,28,5,Logística 1,3800,2013-07-27
66,Clarice,M,43,9,Logística 2,2897,2017-02-26
67,Ana Sophia,F,59,41,Logística 1,3367,2022-11-11
68,Helena,F,26,2,Transporte,2236,2024-02-12
69,Kaique,M,55,9,Transporte,2577,2020-01-24
70,Luigi,M,41,6,Transporte,3035,2016-05-11
71,Thales,F,36,1,Logística 1,3299,2020-08-13
72,Pedro Henrique,F,37,1,Logística 1,2683,2023-02-28
73,Ana Luiza,M,60,16,Logística 2,3518,2014-08-19
74,Esther,F,55,27,Logística 1,2229,2023-02-04
75,Caroline,M,29,8,Logística 1,3709,2014-11-19
76,Davi Lucca,F,57,35,Logística 2,2880,2017-09-04
77,Maria Fernanda,M,22,2,Transporte,3841,2024-04-03
78,Natália,M,42,6,Logística 2,3365,2012-12-26
79,Raul,M,42,24,Armazenagem,3994,2024-01-24
80,Lívia,M,35,5,Logística 2,3805,2012-06-05
81,Yuri,F,21,1,Transporte,3602,2011-11-08
82,Kevin,F,35,8,Logística 2,3612,2019-01-15
83,Raul,M,44,1,Armazenagem,2455,2013-02-19
84,Luiz Henrique,M,49,22,Transporte,3680,2010-10-14
85,Gustavo Henrique,M,34,0,Logística 2,2816,2010-09-03
86,Sarah,F,37,2,Transporte,2719,2011-10-15
87,Isabel,F,54,21,Logística 1,2236,2014-11-22
88,Yasmin,F,31,9,Transporte,2078,2021-08-14
89,Bárbara,M,58,27,Transporte,3492,2012-07-23
90,Erick,F,47,19,Logística 1,2788,2011-04-21
91,Vitória,M,36,1,Armazenagem,2003,2018-10-04
92,Kevin,M,43,13,Logística 1,3943,2015-05-08
93,Ana Julia,F,59,20,Logística 1,3474,2012-05-20
94,Bruno,F,52,19,Armazenagem,2668,2018-09-01
95,Esther,F,38,17,Logística 2,2392,2020-01-24
96,Renan,F,44,21,Logística 2,3260,2023-02-12
97,Luna,F,45,17,Logística 1,2622,2017-01-30
98,Emanuella,F,33,13,Transporte,2952,2024-07-14
99,Isabelly,F,48,21,Logística 2,3046,2022-03-03
100,Juan,F,30,10,Logística 1,2581,2023-10-04
101,Isaac,F,25,3,Transporte,2460,2013-09-13
102,Thomas,M,29,0,Logística 1,2501,2017-04-19
103,Elisa,F,59,4,Armazenagem,2848,2024-02-19
104,Catarina,M,44,15,Armazenagem,2499,2020-08-15
105,Luna,M,20,0,Armazenagem,2448,2012-11-05
106,Luna,M,53,29,Logística 1,3141,2016-04-09
107,João Felipe,M,27,7,Logística 2,3641,2024-11-16
108,Maria Cecília,F,53,35,Transporte,3945,2011-07-22
109,Emanuel,F,59,32,Armazenagem,3701,2012-07-27
110,João Miguel,F,30,11,Armazenagem,2921,2024-01-26
111,Camila,F,35,8,Armazenagem,3283,2019-10-08
112,Thiago,M,37,14,Logística 1,3461,2014-07-13
113,Júlia,F,35,8,Transporte,2654,2024-11-26
114,Fernando,M,28,2,Logística 2,2784,2015-10-16
115,Benjamin,M,33,2,Armazenagem,2834,2022-08-30
116,Isis,F,54,29,Armazenagem,2127,2013-11-03
117,Luiz Otávio,M,46,12,Logística 1,3754,2025-01-21
118,Julia,F,50,0,Transporte,2611,2016-08-09
119,Davi,F,46,17,Logística 2,2999,2012-05-17
120,Alana,M,37,13,Armazenagem,2059,2011-06-22
121,Emanuella,F,41,21,Armazenagem,3483,2024-02-04
122,Rafael,M,49,8,Logística 1,3857,2013-03-14
123,Rodrigo,F,57,36,Logística 1,2171,2015-08-24
124,Laís,F,28,7,Logística 2,2102,2017-05-01
125,Samuel,F,44,10,Logística 2,2931,2017-01-09
126,Alexandre,F,41,12,Transporte,3540,2015-07-07
127,Ana Luiza,F,36,2,Armazenagem,2039,2012-10-06
128,Alice,M,42,7,Logística 1,3599,2019-09-01
129,Sabrina,M,21,1,Logística 2,3718,2017-11-03
130,Maria Clara,M,59,9,Logística 2,2258,2012-11-12
131,Cauã,F,27,9,Logística 2,2952,2013-07-18
132,Esther,F,43,5,Logística 1,3592,2013-11-29
133,Emanuelly,M,39,3,Logística 1,3902,2024-12-15
134,Maysa,F,56,24,Armazenagem,3928,2016-02-04
135,Beatriz,M,24,4,Logística 2,2208,2017-10-23
136,Vitor Hugo,F,58,7,Logística 1,2711,2016-03-14
137,Ana Clara,F,43,2,Transporte,2025,2018-04-21
138,João Guilherme,F,51,6,Armazenagem,3967,2017-12-01
139,João Pedro,F,60,29,Logística 2,2891,2010-06-18
140,Maria Sophia,M,53,17,Armazenagem,2952,2014-12-27
141,Emanuelly,F,57,17,Transporte,3744,2014-02-02
142,Murilo,M,25,4,Armazenagem,2499,2020-06-28
143,Pedro Henrique,F,56,24,Transporte,2058,2023-01-02
144,Letícia,F,40,5,Armazenagem,2434,2014-11-17
145,Cecília,F,36,10,Transporte,3802,2023-08-13
146,Isis,F,55,0,Logística 2,2175,2019-04-20
147,Murilo,M,46,15,Logística 2,3414,2020-03-28
148,Thales,F,51,28,Logística 1,2190,2019-01-03
149,Breno,F,34,12,Logística 2,2627,2022-01-22
150,João Gabriel,F,50,22,Armazenagem,3527,2014-07-16
151,Lorenzo,F,42,22,Armazenagem,2554,2016-06-13
152,Pedro,F,36,7,Logística 1,3477,2022-02-26
153,Enzo,M,40,3,Logística 2,2392,2023-04-15
154,Kaique,M,50,17,Transporte,2205,2010-09-25
155,Ana Sophia,M,38,7,Transporte,2367,2017-09-17
156,Sofia,F,20,2,Logística 2,2561,2024-08-11
157,Yago,M,23,4,Transporte,3428,2017-05-19
158,Matheus,M,60,31,Logística 1,3787,2017-10-06
159,Davi Luiz,M,56,18,Armazenagem,2980,2020-03-01
160,Rebeca,F,41,5,Logística 1,2517,2011-07-05
161,Maria Alice,F,27,1,Armazenagem,3007,2025-01-23
162,Isis,M,56,3,Logística 2,2305,2020-09-05
163,Heloísa,F,25,3,Logística 1,3142,2023-10-03
164,Bruna,F,58,38,Logística 2,3588,2011-11-11
165,João Miguel,F,48,29,Armazenagem,2608,2018-11-25
166,Sophia,F,39,18,Logística 1,3248,2024-07-14
167,Larissa,M,33,6,Transporte,3352,2014-11-01
168,Enzo Gabriel,M,30,3,Logística 2,3130,2019-12-07
169,Benício,M,30,0,Armazenagem,2922,2015-07-14
170,Vitor,F,38,1,Logística 2,2590,2012-11-14
171,Ryan,F,49,4,Logística 2,3892,2023-04-21
172,Maria Eduarda,F,60,37,Logística 2,2870,2010-10-18
173,Natália,M,54,14,Logística 2,3860,2022-06-21
174,Ian,F,29,1,Logística 1,2339,2021-04-15
175,Alexia,F,58,36,Transporte,2899,2011-10-30
176,Ana Júlia,M,49,19,Armazenagem,3930,2015-04-28
177,Pedro Henrique,F,52,34,Armazenagem,2896,2017-10-20
178,Caroline,M,58,2,Armazenagem,3504,2015-02-06
179,Mirella,F,58,16,Logística 1,2187,2012-06-26
180,Bianca,M,56,37,Logística 1,3566,2011-11-05
181,Arthur,F,56,2,Logística 2,2963,2019-01-26
182,Lara,F,37,5,Armazenagem,3300,2019-09-22
183,Lavínia,F,25,7,Transporte,2836,2013-08-12
184,Yuri,F,40,21,Logística 1,3756,2020-09-22
185,Paulo,M,41,13,Armazenagem,2590,2017-08-09
186,Eloah,F,55,2,Armazenagem,2180,2015-03-27
187,Enrico,F,36,10,Logística 1,3986,2020-09-10
188,Cauã,F,52,0,Armazenagem,2846,2022-09-15
189,Marcelo,M,32,8,Transporte,3275,2017-11-10
190,Paulo,F,60,28,Logística 1,2416,2024-11-27
191,Thiago,F,55,8,Transporte,2897,2023-07-25
192,Maria Alice,F,27,0,Logística 2,3453,2017-11-18
193,Cauã,M,39,17,Logística 1,3131,2016-08-04
194,Breno,F,25,3,Logística 1,2945,2019-11-20
195,Maria Luiza,M,29,7,Transporte,3042,2020-02-05
196,Diogo,F,46,26,Armazenagem,2967,2018-07-31
197,Ana Julia,M,49,9,Armazenagem,2390,2013-10-31
198,Nathan,M,24,2,Armazenagem,2696,2017-08-29
199,Ana Carolina,F,20,1,Transporte,3715,2012-08-08
200,Ana Vitória,F,29,7,Armazenagem,2706,2014-12-19
201,Vitória,F,55,34,Armazenagem,2932,2019-10-14
202,Emanuelly,F,32,11,Logística 2,3171,2014-03-17
203,Danilo,F,34,13,Logística 1,2651,2012-06-13
204,Esther,F,44,12,Logística 2,3014,2011-04-14
205,Ana Lívia,M,28,8,Transporte,3781,2022-09-01
206,Anthony,M,48,3,Armazenagem,2031,2019-07-26
207,Enrico,M,46,27,Logística 2,2153,2014-07-29
208,Emanuel,F,36,10,Armazenagem,3330,2024-08-23
209,Giovanna,M,41,21,Armazenagem,3954,2010-10-27
210,Nina,F,60,31,Logística 1,3264,2025-04-02
211,Maria Fernanda,M,35,9,Logística 2,3529,2018-01-29
212,Daniela,M,47,3,Logística 1,2908,2014-03-08
213,Yasmin,M,39,0,Logística 1,2664,2020-09-18
214,Samuel,M,38,11,Transporte,2882,2017-04-14
215,Enzo Gabriel,M,35,16,Armazenagem,3159,2011-05-18
216,Lorena,M,30,2,Logística 1,3248,2021-01-04
217,Maria Cecília,F,59,15,Armazenagem,3869,2014-01-12
218,Lara,M,34,14,Transporte,2941,2023-08-31
219,Ana Lívia,F,20,1,Transporte,3387,2022-10-18
220,Alana,M,24,3,Transporte,3203,2016-04-30
221,Olivia,F,60,27,Transporte,2935,2022-03-11
222,Julia,F,32,6,Armazenagem,2218,2018-05-31
223,Ryan,M,44,18,Transporte,3177,2010-09-10
224,Theo,F,38,0,Armazenagem,2562,2015-04-23
225,Ryan,M,56,3,Armazenagem,3705,2024-07-15
226,Sarah,F,34,11,Logística 2,3303,2020-10-21
227,Yuri,M,59,16,Logística 2,3286,2019-07-05
228,Davi Lucca,M,60,41,Logística 1,2632,2013-03-06
229,Larissa,F,22,4,Transporte,3499,2021-01-31
230,Otávio,M,25,4,Transporte,3530,2022-08-16
231,Henrique,F,31,3,Logística 2,3610,2020-03-13
232,Bernardo,F,53,32,Transporte,3700,2024-03-21
233,Maria,M,36,15,Transporte,3528,2013-07-01
234,Rafael,F,27,7,Logística 1,2288,2024-04-14
235,Maria Fernanda,M,45,27,Transporte,2184,2016-08-15
236,Mariana,F,20,1,Logística 1,2931,2017-05-22
237,Antônio,F,36,18,Armazenagem,3684,2016-12-03
238,Diogo,F,26,3,Armazenagem,2051,2018-02-08
239,Erick,F,59,14,Logística 1,3301,2021-09-12
240,Carlos Eduardo,F,39,20,Armazenagem,2238,2024-11-01
241,Larissa,M,22,0,Transporte,3008,2021-08-26
242,Mirella,M,26,3,Logística 2,2795,2011-05-17
243,Davi,F,43,21,Armazenagem,3202,2014-11-27
244,Pedro,M,46,20,Logística 1,3707,2013-11-04
245,Lucas,F,59,26,Transporte,2067,2014-08-25
246,Alexia,F,33,14,Armazenagem,3946,2019-10-12
247,Thiago,M,43,3,Transporte,3115,2011-01-28
248,Pedro Henrique,F,23,3,Transporte,2388,2025-05-10
249,Gabrielly,M,49,5,Logística 2,3314,2022-09-14
250,Benício,M,23,2,Logística 2,2257,2017-09-01
251,Maria Alice,M,24,6,Logística 2,3200,2012-02-04
252,Natália,M,34,10,Logística 2,3615,2015-06-21
253,Eduardo,M,37,4,Logística 2,3106,2011-12-04
254,Clarice,F,31,1,Logística 1,2269,2019-06-06
255,Kamilly,M,42,7,Transporte,2032,2022-09-24
256,Pietra,M,36,1,Logística 2,3519,2016-05-17
257,Pietra,F,53,7,Logística 1,2975,2010-10-27
258,Ana Luiza,F,43,16,Logística 1,2925,2015-04-11
259,Guilherme,M,59,2,Transporte,2938,2015-11-09
260,Eduardo,M,23,3,Armazenagem,2873,2022-04-20
261,Nicolas,M,51,28,Logística 1,3841,2019-09-21
262,Luna,M,40,19,Logística 2,2134,2021-11-23
263,Luiz Otávio,M,37,19,Transporte,2780,2012-05-13
264,Kamilly,F,49,27,Logística 1,3624,2017-09-16
265,Felipe,M,55,13,Armazenagem,2924,2016-01-16
266,Cauê,M,46,10,Armazenagem,2816,2018-12-02
267,Valentina,F,26,5,Armazenagem,2640,2016-04-08
268,Gustavo Henrique,F,43,4,Armazenagem,2137,2021-08-13
269,Ana Carolina,M,25,1,Armazenagem,2197,2014-06-23
270,Raul,F,28,8,Logística 1,3201,2022-11-27
271,Eduardo,F,27,6,Transporte,3789,2013-05-03
272,Mariane,F,23,2,Transporte,2720,2015-10-11
273,Davi Lucca,M,56,32,Logística 2,2316,2012-08-07
274,Henrique,F,34,3,Transporte,3731,2014-11-25
275,Enrico,F,27,4,Logística 2,3653,2015-10-01
276,Anthony,F,55,35,Logística 1,3247,2013-01-13
277,Isaac,F,21,1,Transporte,3439,2011-03-06
278,Cecília,F,41,11,Logística 1,2371,2020-09-11
279,Isis,M,56,25,Logística 1,2290,2017-07-05
280,Caroline,M,25,3,Armazenagem,2859,2018-11-18
281,Emilly,F,41,5,Transporte,2638,2018-07-08
282,Lorenzo,F,56,38,Logística 1,3809,2017-06-07
283,Kevin,M,29,2,Logística 1,3380,2014-01-28
284,Murilo,M,37,14,Armazenagem,2994,2017-07-04
285,Olivia,F,46,8,Logística 2,3546,2012-07-02
286,Mariana,M,42,13,Logística 1,2580,2022-05-30
287,Juan,F,53,19,Logística 1,2451,2013-10-24
288,Bruna,F,58,3,Logística 1,2418,2016-03-14
289,Brenda,F,33,4,Transporte,2592,2019-10-04
290,Ana Clara,F,27,0,Armazenagem,3529,2014-02-15
291,Clarice,F,31,2,Armazenagem,3090,2022-04-18
292,Luiz Otávio,M,52,22,Logística 1,2813,2024-08-16
293,Vitor Hugo,M,47,0,Armazenagem,3886,2019-05-30
294,Calebe,M,40,18,Armazenagem,3174,2016-06-08
295,Lucas,F,60,26,Transporte,2235,2024-08-08
296,Gabrielly,F,21,2,Logística 2,3641,2017-05-03
297,Bryan,F,43,2,Armazenagem,3729,2015-10-31
298,Elisa,M,35,13,Armazenagem,3073,2019-03-24
299,Benício,M,45,27,Transporte,3527,2025-02-01
300,Maria Fernanda,F,34,10,Logística 2,2156,2023-09-19
301,Vitor Gabriel,M,53,32,TI,7353,2015-02-12
302,Clara,F,42,23,TI,5839,2016-09-04
303,Marcelo,M,26,2,TI,9387,2017-09-20
304,Amanda,M,31,9,TI,6009,2016-01-05
305,Beatriz,M,31,12,TI,17191,2017-10-15
306,Maria Vitória,F,56,37,TI,15709,2021-12-20
307,Anthony,F,60,20,TI,5946,2020-04-18
308,Diego,F,24,3,TI,15490,2012-04-17
309,Alexandre,F,37,18,TI,2840,2016-12-24
310,Vicente,F,52,4,TI,11171,2017-11-10
311,Eloah,F,48,1,TI,2864,2015-01-08
312,Breno,F,38,2,TI,3958,2024-12-20
313,Ana Lívia,F,49,2,TI,15736,2022-04-25
314,Enzo,M,40,19,TI,16585,2012-12-04
315,Yuri,M,23,3,TI,4391,2012-12-11
316,Brenda,F,25,2,TI,2282,2012-07-05
317,Marcelo,M,48,14,TI,18172,2020-10-11
318,Yuri,M,43,11,TI,10269,2023-01-09
319,Caroline,F,46,24,TI,12087,2014-12-15
320,Brenda,M,60,41,TI,11965,2010-07-25
321,Gustavo Henrique,M,41,3,TI,19283,2010-08-02
322,Maria Eduarda,F,38,8,TI,5927,2011-06-11
323,Ana Julia,F,25,2,TI,12462,2011-10-25
324,Ana Vitória,F,45,4,TI,3776,2013-09-11
325,Lucas Gabriel,F,55,24,TI,11763,2013-03-18
326,Evelyn,M,53,5,TI,14874,2012-08-25
327,Clara,F,21,2,TI,11120,2014-12-21
328,Natália,M,33,10,TI,16934,2011-10-13
329,Eloah,M,34,4,TI,6077,2022-09-15
330,Juliana,M,38,3,TI,17635,2017-10-09
331,Vinicius,M,41,19,TI,5294,2017-10-06
332,Yasmin,F,29,2,TI,6925,2016-01-13
333,Stella,M,48,1,TI,14463,2019-01-12
334,Antônio,F,35,14,TI,10336,2016-11-24
335,Sofia,F,34,7,TI,11140,2010-10-12
336,Felipe,F,32,5,TI,19691,2015-12-31
337,Sofia,F,49,18,TI,13513,2012-06-02
338,Maria Cecília,F,30,3,TI,5535,2017-08-31
339,Davi,F,23,5,TI,16747,2024-03-14
340,Rafael,F,55,6,TI,17905,2016-10-07
341,Olivia,M,38,2,TI,6253,2024-03-12
342,Maria Eduarda,F,48,28,TI,17821,2019-01-14
343,Kevin,M,47,2,TI,8275,2021-11-21
344,Heitor,F,42,0,TI,14595,2022-05-12
345,Beatriz,M,45,16,TI,13253,2014-04-21
346,Mirella,M,44,2,TI,13285,2021-02-26
347,Carlos Eduardo,M,21,2,TI,4246,2017-03-27
348,Vicente,F,29,2,TI,2255,2019-07-04
349,Guilherme,F,50,8,TI,16371,2013-02-05
350,Luiz Miguel,F,59,0,TI,3596,2024-05-19
351,João Miguel,M,36,6,TI,5899,2011-11-06
352,Nina,F,27,4,TI,8786,2017-03-24
353,Enrico,F,27,0,TI,8813,2020-11-27
354,Pedro Henrique,F,60,39,TI,15978,2024-04-29
355,Maitê,M,27,7,TI,18565,2013-01-16
356,Calebe,M,60,32,TI,19843,2015-05-30
357,Mariana,M,29,4,TI,15065,2012-08-22
358,Esther,M,59,22,TI,8882,2012-12-04
359,Benjamin,F,31,10,TI,3805,2025-05-16
360,Julia,F,24,4,TI,18828,2021-04-19
361,Yuri,M,44,15,TI,2426,2019-04-10
362,João Gabriel,F,43,8,TI,1532,2015-07-14
363,Pedro,F,24,2,TI,8901,2019-08-30
364,Ana Laura,M,57,21,TI,5371,2021-09-21
365,Cecília,M,42,17,TI,12093,2018-07-20
366,Gustavo,M,49,30,TI,6972,2021-01-08
367,Alexandre,M,24,5,TI,15997,2023-07-05
368,Alexia,M,38,6,TI,2435,2014-09-21
369,João Lucas,M,22,2,TI,11160,2016-04-15
370,Luiz Fernando,F,54,30,TI,9300,2024-11-05
371,Enrico,M,32,4,TI,12697,2018-08-03
372,Gabrielly,M,41,8,TI,5078,2025-02-03
373,Samuel,F,47,28,TI,14107,2020-01-25
374,Marcela,F,44,10,TI,7121,2015-05-25
375,Isabel,F,51,23,TI,18015,2014-03-20
376,Rafael,F,25,6,TI,3586,2020-05-31
377,Elisa,F,58,11,TI,18874,2014-09-07
378,Lavínia,F,40,3,TI,3623,2014-03-02
379,Bernardo,F,38,9,TI,15611,2019-09-07
380,Noah,F,30,11,TI,15545,2016-02-25
381,Davi Luiz,F,48,1,TI,12552,2024-03-15
382,Rodrigo,F,37,1,TI,3458,2020-10-10
383,Miguel,F,43,16,TI,6242,2019-01-14
384,Nathan,M,29,9,TI,15358,2020-06-03
385,João Miguel,M,28,1,TI,8733,2014-06-24
386,Renan,F,43,12,TI,19587,2023-09-21
387,Olivia,M,58,9,TI,15743,2017-06-30
388,Cauê,F,43,14,TI,3519,2018-02-25
389,Henrique,M,53,23,TI,14042,2024-07-23
390,Ana Beatriz,F,37,7,TI,4717,2023-07-13
391,Ana Lívia,M,31,7,TI,17965,2011-01-07
392,Eloah,F,55,7,TI,9577,2020-07-27
393,Pedro,F,48,6,TI,10357,2019-06-21
394,Francisco,F,32,1,TI,5447,2010-09-20
395,Luigi,M,48,5,TI,15585,2017-10-15
396,Paulo,M,40,21,TI,12384,2023-11-04
397,Luiz Gustavo,M,55,34,TI,10514,2013-10-27
398,Davi Lucas,F,30,11,TI,6704,2011-05-04
399,Brenda,F,52,14,TI,4976,2024-04-04
400,Kamilly,M,28,3,TI,17188,2019-02-19
401,Ana Sophia,M,43,17,TI,19752,2019-11-25
402,Milena,F,49,8,TI,3825,2016-04-15
403,Pietro,M,39,12,TI,16684,2020-09-08
404,Lavínia,F,46,26,TI,19838,2010-08-28
405,Leandro,M,28,5,TI,3430,2021-05-28
406,Vitor Hugo,F,49,22,TI,5205,2021-04-02
407,Diego,M,28,6,TI,17477,2020-12-28
408,Gustavo Henrique,M,27,8,TI,6014,2018-03-05
409,Milena,F,30,2,TI,11572,2010-06-27
410,Isis,M,42,16,TI,10307,2015-11-04
411,João Felipe,M,36,6,TI,19049,2011-11-19
412,Murilo,F,28,10,TI,10922,2013-10-25
413,Mariana,M,52,10,TI,6052,2024-06-21
414,Davi Lucas,M,59,38,TI,12063,2014-01-05
415,Alana,M,21,0,TI,2489,2023-10-23
416,Clara,F,33,13,TI,1992,2015-06-19
417,Eduarda,F,60,34,TI,10491,2017-08-22
418,Davi Lucas,F,50,15,TI,14306,2012-09-28
419,Gustavo,F,49,4,TI,2963,2013-11-28
420,Caroline,M,48,13,TI,16867,2021-01-08
421,Heloísa,F,33,10,TI,5707,2013-10-07
422,Natália,F,40,11,TI,14065,2018-07-27
423,Mariane,M,43,16,TI,19404,2020-09-25
424,Benjamin,M,40,7,TI,16285,2015-03-11
425,Maria Alice,M,37,14,TI,9123,2023-05-02
426,Thiago,M,26,0,TI,10509,2014-04-22
427,Maria Julia,F,59,26,TI,9135,2020-05-26
428,Helena,M,40,18,TI,11247,2014-05-08
429,Sofia,M,30,7,TI,17866,2022-04-04
430,Catarina,F,51,19,TI,17297,2013-11-10
431,Pedro Lucas,M,25,6,TI,17562,2018-02-18
432,Sophia,F,35,6,TI,12563,2013-07-04
433,Levi,M,23,2,TI,17216,2023-10-23
434,Henrique,F,38,17,TI,1267,2024-02-21
435,Maysa,M,47,4,TI,9666,2020-12-27
436,Lorena,F,45,11,TI,2482,2023-03-26
437,Maysa,F,23,4,TI,19409,2023-04-23
438,Lavínia,M,43,17,TI,10456,2017-02-18
439,Breno,M,44,16,TI,15757,2010-10-09
440,Lucas Gabriel,F,59,39,TI,4893,2019-03-16
441,Thiago,M,26,6,TI,13228,2025-05-16
442,Levi,F,55,23,TI,5727,2021-02-12
443,Ryan,M,58,32,TI,14152,2019-06-17
444,Lavínia,M,22,0,TI,5490,2021-08-13
445,Diego,F,50,29,TI,5880,2024-04-21
446,João Gabriel,M,40,19,TI,11437,2012-10-07
447,Guilherme,M,45,19,TI,10805,2020-01-20
448,Sofia,F,52,32,TI,18443,2014-07-21
449,Enzo Gabriel,F,56,19,TI,16561,2014-01-03
450,Isabella,M,43,10,TI,4591,2012-02-29
451,Esther,F,57,19,TI,1873,2023-03-14
452,Maria Fernanda,F,36,18,TI,19927,2024-12-16
453,Theo,M,23,4,TI,16743,2020-11-10
454,Rafaela,M,53,24,TI,5842,2015-09-16
455,Samuel,M,22,4,TI,4601,2021-05-15
456,Juliana,M,21,3,TI,11279,2013-10-31
457,Breno,F,29,6,TI,7681,2017-07-03
458,Evelyn,F,52,30,TI,3040,2023-11-18
459,Erick,M,53,13,TI,19379,2017-06-19
460,Júlia,F,50,24,TI,11281,2015-09-25
461,Elisa,M,49,21,TI,18900,2017-11-13
462,Maria,F,36,15,TI,7300,2021-05-15
463,Maria Fernanda,M,37,17,TI,10781,2010-09-01
464,Manuela,M,39,9,TI,7792,2014-03-29
465,Cecília,F,40,15,TI,12429,2017-08-12
466,Ana Lívia,F,38,3,TI,19791,2024-08-06
467,Pedro Lucas,F,45,26,TI,12309,2015-01-30
468,Kamilly,M,38,1,TI,10425,2013-06-06
469,Alana,M,42,14,TI,9403,2019-10-09
470,Ana,F,33,6,TI,18648,2013-05-04
471,João Felipe,F,55,17,TI,5498,2017-03-23
472,Thales,M,59,37,TI,8840,2016-03-16
473,Luiz Fernando,M,23,5,TI,18401,2025-04-04
474,Nathan,M,60,14,TI,2720,2011-03-20
475,Bruna,M,46,10,TI,16479,2018-07-17
476,Lorenzo,M,28,0,TI,19033,2014-08-16
477,João Guilherme,M,46,20,TI,16587,2011-03-31
478,Pietra,F,32,12,TI,10412,2011-05-16
479,Mirella,F,38,20,TI,2938,2014-02-05
480,Raquel,M,56,14,TI,18535,2011-09-10
481,Enzo,M,31,6,TI,6760,2011-09-05
482,Lucca,M,45,25,TI,17232,2013-01-03
483,Eduarda,M,38,1,TI,1303,2020-03-13
484,Alexia,F,56,38,TI,4516,2012-02-07
485,João Pedro,F,38,14,TI,18802,2014-06-29
486,João Pedro,F,28,8,TI,16336,2024-06-01
487,Luiz Gustavo,F,32,12,TI,4691,2020-12-25
488,Raul,F,30,11,TI,16037,2022-03-02
489,Ian,F,31,0,TI,12046,2023-08-04
490,Vitória,F,56,12,TI,6750,2021-10-10
491,Isabelly,F,47,16,TI,11745,2017-05-27
492,Maysa,M,45,21,TI,4125,2015-02-23
493,Alice,M,28,7,TI,11603,2023-10-27
494,Ana Beatriz,M,20,1,TI,13568,2024-02-17
495,Pietro,M,48,24,TI,9748,2021-11-13
496,Francisco,F,39,18,TI,19772,2011-05-24
497,Luiz Henrique,M,36,11,TI,8743,2012-06-18
498,Carlos Eduardo,M,27,7,TI,11053,2016-06-18
499,Juliana,M,45,21,TI,17466,2019-03-27
500,Sofia,F,27,4,TI,13043,2022-03-10
501,Clarice,M,34,4,TI,16669,2014-04-16
502,Isabella,M,49,23,TI,14626,2024-06-23
503,Ana Julia,F,54,13,TI,9108,2019-08-28
504,Sabrina,M,53,28,TI,18307,2016-06-07
505,Fernanda,F,24,4,TI,4676,2017-02-05
506,Beatriz,M,55,32,TI,7624,2024-10-28
507,Gustavo,M,30,5,TI,18050,2024-02-21
508,Alexia,F,27,3,TI,17017,2017-07-04
509,Júlia,M,52,28,TI,2823,2020-09-21
510,Francisco,F,28,8,TI,14612,2014-03-01
511,Isabelly,F,56,3,TI,19310,2021-10-08
512,Luna,F,39,0,TI,13974,2018-10-11
513,Ana Luiza,F,20,2,TI,8140,2016-02-20
514,Emanuelly,M,22,3,TI,12289,2024-01-01
515,Lucas,M,54,3,TI,3261,2020-12-15
516,Giovanna,F,22,2,TI,14397,2020-08-27
517,Luiz Fernando,M,28,10,TI,14774,2012-03-23
518,Matheus,F,44,14,TI,13369,2023-01-23
519,Emanuella,F,25,2,TI,12395,2022-07-29
520,Carlos Eduardo,M,31,8,TI,13879,2010-09-28
521,Mirella,M,34,0,TI,1744,2015-11-24
522,Gabrielly,F,49,27,TI,18430,2020-02-01
523,Ana Beatriz,F,34,7,TI,16093,2012-01-01
524,Ana Laura,F,29,4,TI,7176,2021-10-30
525,Alice,M,22,3,TI,1512,2024-04-29
526,Rodrigo,M,33,2,TI,4306,2023-01-06
527,Laura,M,48,19,TI,2595,2024-05-01
528,Pedro Miguel,M,22,3,TI,15383,2022-12-14
529,Amanda,M,54,13,TI,2849,2021-10-22
530,Letícia,M,52,18,TI,8673,2013-08-18
531,Gustavo Henrique,F,56,38,TI,11507,2022-05-01
532,Amanda,M,39,4,TI,18080,2014-01-07
533,João Pedro,M,46,9,TI,10016,2014-05-02
534,Larissa,M,55,37,TI,6738,2018-09-22
535,Ana Lívia,F,55,31,TI,2536,2020-07-19
536,João Miguel,F,44,25,TI,18185,2014-05-30
537,Ana,F,46,13,TI,5889,2013-01-31
538,Breno,F,44,5,TI,18626,2013-12-29
539,Sophie,F,35,7,TI,10854,2022-01-10
540,Larissa,M,49,3,TI,19428,2024-06-08
541,Murilo,F,46,17,TI,18366,2023-05-27
542,Calebe,M,44,7,TI,9355,2020-09-24
543,Amanda,M,41,20,TI,3590,2017-11-22
544,Brenda,F,43,2,TI,18551,2016-09-02
545,Lavínia,M,23,2,TI,13359,2011-02-25
546,Enzo Gabriel,M,24,1,TI,19312,2015-08-08
547,Maria,M,50,13,TI,11910,2019-10-17
548,Gustavo Henrique,F,20,0,TI,7226,2017-11-27
549,Clarice,M,50,15,TI,7701,2023-12-30
550,Igor,F,35,17,TI,11538,2016-11-12
551,Eloah,F,44,14,TI,18486,2012-10-29
552,Juan,F,39,8,TI,12784,2016-10-01
553,Caroline,F,49,6,TI,16384,2019-06-04
554,Heloísa,F,33,11,TI,11253,2014-01-13
555,João Guilherme,F,22,4,TI,8250,2016-06-05
556,Fernando,M,21,2,TI,19130,2023-12-12
557,Júlia,F,38,4,TI,7428,2022-05-03
558,Caroline,F,34,12,TI,19670,2010-06-17
559,Daniel,M,51,21,TI,9432,2020-06-14
560,Vitória,F,51,29,TI,6512,2021-02-02
561,Camila,F,30,2,TI,18909,2023-12-20
562,Raquel,F,31,8,TI,2924,2016-04-13
563,Lucas,M,24,6,TI,2589,2023-10-25
564,Maitê,M,46,4,TI,8583,2010-11-19
565,Ana Laura,M,29,0,TI,8167,2013-10-04
566,Renan,F,43,1,TI,16833,2016-02-25
567,Luigi,F,21,0,TI,18439,2012-10-16
568,Diego,F,20,0,TI,18347,2021-09-22
569,Arthur,F,54,18,TI,1561,2018-10-03
570,Pedro Henrique,F,31,1,TI,4156,2019-11-10
571,Davi Lucca,M,35,6,TI,18250,2011-01-20
572,Eloah,F,42,8,TI,14005,2023-07-15
573,Melissa,M,43,12,TI,16040,2018-12-21
574,Maria Vitória,M,34,9,TI,3641,2011-07-12
575,Maria Clara,M,25,6,TI,13427,2023-05-15
576,Felipe,F,55,30,TI,2838,2010-09-30
577,Lívia,M,30,1,TI,17379,2015-07-19
578,Lucas Gabriel,F,41,18,TI,4124,2024-08-27
579,Vitor,M,34,6,TI,19572,2015-06-14
580,Pedro,F,37,1,TI,3436,2020-10-09
581,Vitor Hugo,F,54,36,TI,2078,2013-02-03
582,João,M,40,0,TI,7788,2011-11-29
583,Breno,M,45,2,TI,10806,2019-10-02
584,Yuri,M,56,15,TI,19569,2020-10-27
585,Thiago,F,54,21,TI,13577,2018-05-09
586,Matheus,M,25,5,TI,2759,2012-05-05
587,Alexandre,M,47,7,TI,3490,2025-01-23
588,Diogo,F,58,39,TI,13999,2013-06-28
589,Caroline,F,21,2,TI,15763,2015-01-12
590,Vitor Gabriel,F,34,11,TI,19121,2023-07-18
591,Heitor,F,47,5,TI,13454,2021-02-01
592,Stella,M,59,18,TI,9075,2025-01-23
593,Benício,M,25,4,TI,6053,2011-10-28
594,Bryan,F,60,9,TI,13767,2012-02-22
595,Gabrielly,F,43,3,TI,3998,2020-09-27
596,Clara,M,39,14,TI,12793,2019-03-30
597,João Miguel,F,26,2,TI,3860,2022-08-01
598,Emanuelly,M,47,14,TI,19251,2013-08-11
599,Laura,F,26,0,TI,3936,2015-04-18
600,Alana,F,55,5,TI,11630,2015-06-03
601,Cecília,F,20,1,Logística 2,7853,2018-10-15
602,Daniela,M,55,15,Armazenagem,4278,2015-08-21
603,Luiz Gustavo,F,30,2,Direção,6433,2015-12-05
604,Cauã,F,51,9,Financeiro,4239,2020-01-30
605,Esther,F,37,13,Direção,9433,2012-07-14
606,Ana Sophia,M,43,8,Marketing,13311,2022-10-16
607,Diego,F,58,39,Marketing,9001,2013-08-14
608,Camila,M,28,4,TI,7983,2024-02-20
609,Milena,F,59,24,Logística 1,8712,2023-08-15
610,Lucca,F,47,26,RH,6422,2013-08-26
611,Nicolas,F,58,12,Transporte,6647,2016-12-06
612,Lorenzo,M,45,10,Direção,13540,2012-08-27
613,Miguel,F,56,15,Logística 1,7661,2020-10-09
614,Júlia,F,45,11,Financeiro,10738,2015-10-06
615,Diogo,M,57,34,RH,12669,2023-09-27
616,Pietra,M,49,13,Transporte,14569,2013-04-20
617,Lorena,F,24,6,Logística 2,12526,2013-10-29
618,Fernando,F,28,10,Direção,5465,2021-01-26
619,Maria Luiza,F,29,11,Logística 2,14428,2012-12-05
620,Bernardo,F,24,3,Transporte,11039,2011-05-15
621,Davi Lucca,F,54,32,Logística 2,10407,2018-02-04
622,Diego,M,43,22,Armazenagem,11229,2013-07-16
623,Nicole,M,26,3,Logística 1,4225,2015-01-18
624,Kaique,M,56,25,Logística 1,14545,2020-02-26
625,Alice,F,26,0,Financeiro,5739,2018-03-11
626,Maysa,M,52,33,Armazenagem,11011,2018-01-01
627,Maria,M,48,11,Logística 2,9086,2012-09-08
628,Rodrigo,M,42,0,Transporte,3212,2023-11-11
629,Eloah,F,46,2,Financeiro,13462,2013-04-02
630,Laís,M,42,9,Logística 1,8960,2015-04-15
631,Matheus,M,53,30,Logística 1,9301,2024-06-12
632,Lara,M,48,23,Transporte,6725,2023-04-07
633,Sofia,M,39,1,Financeiro,1870,2016-05-10
634,Lucas Gabriel,F,26,2,Marketing,9954,2018-07-26
635,Murilo,M,55,10,Logística 1,10672,2018-07-14
636,Luiz Gustavo,F,49,14,Logística 2,11817,2014-02-18
637,Mirella,M,31,10,Logística 2,7981,2022-10-15
638,Cauã,M,59,12,Transporte,11202,2014-10-02
639,Julia,F,44,0,Marketing,4871,2015-05-01
640,Luiza,F,24,4,Financeiro,14599,2011-01-01
641,Isadora,M,43,10,Marketing,8996,2014-11-18
642,Luiz Miguel,M,36,15,Armazenagem,11971,2023-09-11
643,Letícia,F,58,24,Logística 2,11117,2024-07-03
644,Eloah,M,42,11,Transporte,11614,2023-12-04
645,Gabriel,M,39,19,Financeiro,12511,2019-11-20
646,Evelyn,M,40,3,Marketing,6503,2017-04-29
647,Bernardo,M,31,5,RH,9869,2013-01-25
648,Helena,F,46,19,RH,10917,2018-07-07
649,Isabelly,F,47,5,Transporte,11912,2010-06-12
650,Clara,M,55,10,Transporte,6232,2015-06-20
651,Anthony,M,31,5,Transporte,11648,2015-11-01
652,Anthony,M,42,0,Transporte,3736,2013-11-22
653,Ana,M,44,17,Armazenagem,12199,2014-01-03
654,João Gabriel,F,46,21,Transporte,8309,2020-07-09
655,Davi Lucas,F,51,10,Financeiro,10763,2024-09-19
656,Paulo,M,34,9,TI,6003,2015-06-30
657,Maria Sophia,M,54,18,RH,14291,2014-11-04
658,Bruno,F,56,31,Armazenagem,9869,2022-07-14
659,Maria Vitória,M,56,7,Direção,14199,2018-10-31
660,Rebeca,F,54,2,Transporte,10451,2011-09-11
661,Mariane,M,47,3,Marketing,6377,2014-10-11
662,Nina,M,48,8,Logística 1,14881,2023-04-08
663,Matheus,M,48,27,Financeiro,14207,2016-06-05
664,Ana Luiza,M,33,11,Logística 2,4219,2023-12-04
665,Lara,M,33,6,TI,10840,2024-04-22
666,Bernardo,F,54,17,Armazenagem,4258,2021-01-28
667,Ana Sophia,F,38,9,Direção,9928,2014-02-22
668,Ana Lívia,M,28,6,TI,6043,2016-05-06
669,Luigi,M,28,3,RH,13155,2016-08-23
670,Carlos Eduardo,F,35,12,Transporte,3829,2018-08-15
671,Maria Vitória,F,60,26,Logística 2,8905,2011-09-08
672,Beatriz,M,60,5,Logística 2,9947,2012-01-28
673,Enrico,F,43,14,Transporte,6862,2013-04-20
674,Maria,M,25,7,Logística 1,2537,2010-08-13
675,Eduarda,F,33,13,Marketing,9605,2012-12-13
676,Nicole,F,40,9,Logística 1,10467,2022-03-14
677,Letícia,M,56,31,Logística 1,12682,2023-01-08
678,Emilly,M,22,0,Transporte,1766,2019-07-24
679,Maria Sophia,M,30,7,Transporte,1511,2015-09-19
680,Melissa,F,32,11,RH,12149,2013-11-09
681,Cauã,F,30,4,Financeiro,12224,2017-11-18
682,Luiz Gustavo,F,36,2,Logística 1,12387,2021-08-14
683,Alice,M,23,3,Direção,13394,2024-04-29
684,Carlos Eduardo,M,47,20,Financeiro,13029,2021-09-29
685,Sophia,M,20,0,Transporte,2776,2017-03-24
686,Yuri,M,57,14,Armazenagem,12640,2019-08-21
687,Anthony,F,20,0,Logística 1,14887,2011-12-19
688,Maria Fernanda,M,47,22,RH,9326,2015-07-08
689,Paulo,M,34,12,Financeiro,13472,2021-12-27
690,Vitor,M,26,5,Logística 1,6402,2024-02-09
691,Emanuelly,M,44,24,RH,12011,2016-04-30
692,Theo,M,24,4,TI,11499,2020-03-29
693,Bernardo,M,48,11,Marketing,11790,2016-06-11
694,Maria Cecília,M,46,19,Transporte,5059,2017-10-02
695,Ian,M,26,2,Financeiro,11159,2022-02-26
696,Theo,F,42,13,Logística 1,14461,2012-05-15
697,Antônio,M,35,8,Financeiro,5565,2018-04-20
698,Guilherme,F,21,2,Marketing,9982,2023-10-28
699,Alice,M,45,9,TI,14341,2015-11-01
700,Sofia,M,51,24,Financeiro,5449,2016-02-02
701,Juan,F,60,38,Financeiro,10155,2014-02-07
702,Emanuel,M,43,10,RH,7837,2013-09-11
703,Natália,F,43,17,RH,13996,2011-01-21
704,Giovanna,F,24,0,Financeiro,1725,2016-02-14
705,Isabella,F,33,1,TI,14431,2021-03-20
706,Alícia,F,52,18,Armazenagem,14068,2013-01-27
707,João Gabriel,F,47,22,Logística 2,2850,2024-01-24
708,Ana Carolina,M,37,2,Direção,2794,2014-12-07
709,Clara,M,29,8,Logística 1,7901,2018-09-03
710,Luiz Gustavo,M,39,13,Marketing,2448,2011-01-05
711,Luigi,M,25,6,Financeiro,8928,2016-03-26
712,Ana Júlia,M,39,21,RH,3456,2020-10-07
713,João Vitor,M,28,0,RH,9633,2022-07-05
714,Marcelo,F,53,33,Direção,4235,2017-02-12
715,Davi Lucas,F,28,4,Financeiro,14139,2015-03-31
716,Lorenzo,M,41,13,Direção,10082,2021-08-25
717,Giovanna,M,36,18,Financeiro,9628,2019-12-13
718,Thales,F,52,23,TI,9685,2018-09-09
719,Leandro,M,43,5,Direção,14170,2024-03-11
720,Isabel,M,56,7,Marketing,13636,2020-05-25
721,Paulo,M,22,0,Marketing,2253,2018-05-21
722,Camila,F,43,12,RH,4432,2021-02-26
723,Eloah,M,55,26,Marketing,6772,2019-08-14
724,Luana,M,46,23,Logística 1,5944,2021-02-26
725,Emilly,M,56,23,Financeiro,9725,2025-04-22
726,Gabriel,M,31,3,Armazenagem,2252,2022-03-16
727,Agatha,F,24,3,Direção,14173,2012-03-23
728,Daniel,F,40,2,Armazenagem,8983,2018-02-16
729,Yasmin,M,43,6,Direção,10737,2021-04-29
730,Lívia,F,59,15,Transporte,7533,2019-11-11
731,Paulo,F,32,11,Armazenagem,13959,2010-11-22
732,Alexandre,M,29,0,Logística 2,1891,2019-09-04
733,Renan,M,54,22,TI,6988,2022-03-20
734,Brenda,M,44,23,Direção,3203,2013-08-25
735,Bárbara,M,53,15,Logística 2,9561,2014-01-11
736,Pedro Lucas,M,29,11,Direção,3024,2014-07-09
737,Caroline,M,34,16,Logística 2,12982,2020-07-21
738,Pedro Miguel,F,49,5,Financeiro,9780,2022-07-23
739,Nicolas,M,60,25,Financeiro,11197,2012-03-13
740,Alícia,M,47,21,RH,5379,2017-06-30
741,Leandro,F,36,10,Logística 2,12980,2022-09-17
742,Valentina,F,40,14,Direção,5327,2020-02-03
743,João Felipe,M,32,2,Financeiro,4046,2018-11-08
744,Luiz Otávio,M,30,7,Transporte,6645,2021-03-18
745,Catarina,F,27,8,Logística 1,14121,2018-05-20
746,Otávio,M,48,9,Transporte,5841,2014-10-08
747,Vitor,M,25,2,Direção,13045,2013-03-30
748,Igor,M,33,10,RH,2994,2011-02-28
749,Felipe,M,42,12,Armazenagem,2302,2015-08-21
750,Juliana,F,36,5,TI,8125,2014-01-31
751,Bernardo,F,55,35,Marketing,3051,2020-02-15
752,Vitória,F,26,2,Financeiro,1695,2012-02-13
753,Pedro Lucas,M,34,4,Marketing,14995,2021-05-12
754,Kevin,F,43,21,Financeiro,11040,2020-06-30
755,Sarah,F,24,0,Financeiro,4739,2021-07-10
756,Thales,F,28,1,Logística 1,3507,2011-06-18
757,Ana Julia,M,49,3,RH,10902,2018-03-09
758,João Pedro,F,45,15,TI,7770,2010-08-21
759,Ian,F,31,5,Marketing,4566,2021-05-11
760,Noah,F,37,14,RH,2067,2016-06-04
761,João,M,38,15,Logística 2,10522,2016-07-27
762,Marcela,F,23,0,Direção,7775,2016-11-30
763,Calebe,M,46,6,Armazenagem,5582,2011-05-13
764,Vicente,M,44,25,Logística 1,9359,2015-09-15
765,Rafaela,F,42,18,Armazenagem,6769,2010-08-28
766,Maria Julia,F,37,5,TI,6724,2011-08-02
767,Catarina,M,21,2,TI,14748,2019-10-22
768,Vitor Gabriel,F,53,22,Marketing,4115,2015-05-06
769,Arthur,M,35,7,Direção,10243,2010-08-25
770,Beatriz,M,34,12,Logística 1,4346,2020-11-29
771,Isabella,M,35,10,Logística 1,11192,2022-04-07
772,Catarina,M,42,18,RH,10725,2013-07-03
773,Heloísa,M,51,19,RH,9535,2019-11-17
774,Vinicius,M,25,0,Marketing,11357,2019-06-13
775,Enzo,M,21,3,TI,6935,2017-07-12
776,Luiz Fernando,M,28,5,RH,14646,2016-05-15
777,Fernanda,F,23,0,RH,11111,2011-05-23
778,Milena,M,27,8,Logística 1,2688,2012-09-02
779,Erick,F,45,18,Financeiro,7014,2020-02-06
780,Caroline,F,40,4,RH,13498,2025-05-23
781,João Pedro,F,60,31,Logística 1,4354,2014-06-16
782,Camila,F,34,5,Logística 2,6526,2016-04-01
783,Milena,F,28,2,TI,13001,2021-08-14
784,Fernando,F,56,2,RH,11369,2016-12-07
785,Enzo Gabriel,F,59,14,Financeiro,9629,2016-12-21
786,Nicole,M,41,23,Financeiro,5399,2017-03-26
787,Joaquim,F,40,5,Financeiro,14962,2011-06-24
788,Elisa,F,48,0,Direção,4935,2020-10-18
789,Daniela,M,24,2,Direção,14394,2012-09-06
790,João Guilherme,M,20,0,Logística 2,8679,2024-07-11
791,Benício,F,30,6,Transporte,7704,2014-07-25
792,Maria Alice,F,54,24,Financeiro,9355,2015-03-11
793,Emilly,M,30,7,Financeiro,14594,2013-04-19
794,Nathan,M,38,0,Logística 1,5778,2012-11-05
795,Murilo,M,24,2,RH,7651,2017-02-28
796,Sofia,M,24,4,Financeiro,7036,2011-09-15
797,Vitória,F,21,3,RH,11450,2012-12-17
798,Larissa,F,30,0,Financeiro,6924,2010-09-02
799,Henrique,M,32,6,Armazenagem,13329,2021-08-12
800,Henrique,F,38,9,Marketing,3071,2020-11-01
801,Kaique,M,45,18,Armazenagem,9543,2012-12-26
802,Rafaela,M,23,2,TI,8505,2022-05-05
803,Murilo,M,38,20,Transporte,4771,2012-06-27
804,Yago,M,21,1,RH,11956,2017-10-11
805,Pedro Lucas,F,25,7,Financeiro,6552,2012-04-16
806,Maria,F,50,31,Direção,2993,2021-08-23
807,Vitor Gabriel,F,31,5,Logística 2,7552,2022-09-06
808,João Felipe,M,48,1,Direção,8704,2017-09-08
809,Raul,F,36,7,Direção,10744,2011-01-16
810,Juan,M,29,11,Financeiro,2904,2020-08-09
811,Maria Sophia,F,54,26,Marketing,10570,2012-02-22
812,Guilherme,M,44,26,Armazenagem,8358,2015-03-16
813,André,F,56,15,Transporte,6396,2019-12-12
814,Francisco,M,45,27,TI,9726,2010-11-12
815,Cecília,M,27,7,RH,4238,2013-06-27
816,João Pedro,M,32,2,TI,8436,2020-12-30
817,Maria Vitória,M,47,6,RH,11249,2017-11-10
818,Sarah,F,40,2,Financeiro,7858,2016-03-17
819,Yago,F,55,20,Direção,10014,2024-10-29
820,Fernanda,F,20,2,Armazenagem,14307,2011-03-28
821,Isabelly,F,27,6,RH,3928,2016-10-21
822,Ana Sophia,M,26,1,Direção,10275,2018-03-29
823,Alícia,F,46,8,Logística 2,12228,2013-05-11
824,Lavínia,F,56,38,Transporte,2113,2017-10-26
825,Sophia,M,37,12,RH,11629,2011-10-23
826,André,F,22,3,Logística 1,12813,2021-12-02
827,Elisa,M,23,5,Transporte,5900,2021-03-15
828,Alana,F,21,2,Direção,6594,2010-10-15
829,Rebeca,F,51,6,Marketing,3701,2022-09-10
830,Marcela,F,48,24,Logística 1,5914,2011-08-26
831,Isabelly,F,58,5,Marketing,8737,2023-01-24
832,Leandro,M,46,23,Transporte,13943,2016-04-24
833,Ana Beatriz,F,23,4,RH,2575,2018-08-21
834,Benjamin,F,52,25,RH,14287,2020-01-01
835,Otávio,M,31,3,Marketing,2444,2015-10-08
836,Gustavo,M,22,3,TI,7404,2015-08-22
837,Juliana,M,37,11,Transporte,9775,2016-05-11
838,Eduarda,F,60,7,TI,5463,2012-01-25
839,Paulo,F,51,28,RH,9275,2015-09-03
840,Nicolas,F,42,5,Direção,13770,2015-05-01
841,Camila,M,38,0,Logística 2,2313,2014-09-15
842,Emanuella,M,56,13,Marketing,12106,2019-01-21
843,Levi,M,33,8,Logística 2,9909,2014-07-11
844,Luiz Henrique,M,20,1,RH,12106,2016-06-20
845,Clara,M,58,0,Marketing,5635,2013-04-12
846,Mariana,F,37,13,Logística 2,7213,2016-08-15
847,Isaac,F,36,6,Transporte,6450,2023-06-26
848,Ana Luiza,F,57,6,TI,9880,2015-09-03
849,Nicolas,F,55,18,Direção,12713,2013-01-24
850,Luiza,M,50,4,Logística 1,6029,2017-07-29
851,Alexandre,F,37,8,Direção,4586,2011-06-04
852,Maria Alice,M,53,15,TI,14696,2018-03-15
853,Luiz Gustavo,F,40,21,RH,13317,2023-01-07
854,Antônio,M,51,18,Direção,8357,2023-09-01
855,Emanuelly,F,44,23,TI,11052,2012-01-28
856,Bruna,M,41,23,Marketing,12744,2011-05-16
857,Bianca,F,42,16,Direção,4285,2014-12-11
858,Cecília,M,38,3,Transporte,3596,2010-11-17
859,Gabriel,F,55,11,Logística 1,12222,2011-04-24
860,Kaique,M,34,11,Marketing,13693,2015-10-27
861,Natália,F,46,25,Logística 1,7589,2016-10-06
862,Marcos Vinicius,F,57,18,Transporte,3429,2015-03-18
863,Ana Clara,F,23,5,Financeiro,9236,2020-02-02
864,Luana,M,52,7,Logística 2,10180,2016-08-07
865,Beatriz,F,46,1,RH,3750,2019-05-03
866,Daniel,M,41,13,Transporte,3846,2018-11-05
867,Ana Luiza,F,31,12,Financeiro,9488,2014-08-09
868,Juan,F,60,11,Logística 1,11895,2015-10-11
869,Manuela,M,20,1,Direção,4930,2017-01-03
870,Alícia,M,56,10,Transporte,14364,2022-03-29
871,Caroline,M,28,9,Logística 2,11879,2020-06-19
872,Esther,F,45,13,Transporte,7780,2022-12-13
873,Pietra,M,22,4,Marketing,13471,2020-02-22
874,Maria Vitória,F,20,1,Armazenagem,4622,2017-01-31
875,Lorenzo,M,20,2,Marketing,5207,2023-12-26
876,Kaique,F,39,4,Financeiro,7784,2014-11-05
877,Cecília,F,30,1,TI,6385,2012-12-08
878,Alexia,F,49,21,Logística 2,12752,2023-07-03
879,Yuri,M,41,15,Logística 1,13789,2023-11-23
880,Juliana,M,30,12,Logística 2,1813,2010-08-09
881,Stephany,M,34,4,Marketing,13527,2023-02-05
882,Yuri,M,57,32,RH,3517,2010-10-27
883,Júlia,F,22,3,Direção,14136,2018-01-29
884,Igor,M,58,3,Financeiro,12208,2020-08-27
885,João Vitor,M,23,5,Financeiro,8328,2019-03-19
886,Luiz Otávio,F,44,3,Armazenagem,5640,2012-01-04
887,Thomas,F,29,3,TI,6433,2017-03-01
888,Pedro Miguel,F,26,8,Direção,11703,2018-09-22
889,Diogo,M,46,26,Financeiro,9881,2011-11-04
890,João Miguel,M,38,3,Financeiro,9654,2018-01-26
891,Bruno,M,58,12,Direção,10071,2020-09-28
892,Ryan,M,42,22,Logística 2,6339,2011-12-01
893,Juan,M,22,4,Transporte,4902,2013-04-18
894,Samuel,F,41,7,TI,1708,2015-04-01
895,Ana Luiza,M,27,9,Transporte,3943,2014-09-27
896,Alice,M,52,4,Financeiro,5692,2018-12-11
897,Clara,M,49,18,Direção,9106,2017-08-10
898,Isabel,M,26,2,TI,6260,2023-03-20
899,Enzo,F,40,13,Financeiro,3056,2014-10-08
900,Lorena,M,20,0,RH,6884,2014-03-30
901,Milena,F,48,30,Direção,13510,2019-03-09
902,Ryan,M,43,10,RH,3365,2023-01-01
903,Cecília,F,45,14,Direção,7819,2013-04-21
904,Thiago,F,46,20,RH,3352,2013-08-25
905,Luiz Felipe,M,23,1,Financeiro,8316,2019-02-19
906,Raul,F,56,28,RH,11515,2020-07-25
907,Eloah,F,42,19,TI,12714,2012-07-21
908,Joana,M,50,31,Financeiro,8238,2021-03-23
909,Juliana,F,22,0,Direção,12231,2018-05-02
910,Maria Clara,F,20,2,Armazenagem,14075,2015-10-22
911,Vitor Gabriel,M,41,16,Armazenagem,12776,2023-02-18
912,Marcela,M,47,21,Marketing,9395,2016-06-02
913,Leonardo,F,44,4,Armazenagem,11541,2015-08-17
914,Alana,M,20,2,RH,9783,2011-07-05
915,Luigi,F,51,10,Financeiro,13811,2021-05-31
916,Enzo Gabriel,F,40,7,Logística 1,6057,2012-03-13
917,Renan,M,52,14,Armazenagem,12040,2016-11-09
918,Alícia,F,45,26,Marketing,2791,2012-06-02
919,Vinicius,F,48,25,Transporte,2942,2024-04-19
920,Ana Sophia,F,48,10,Financeiro,9648,2022-03-29
921,Samuel,M,26,6,Logística 2,2087,2023-12-09
922,Isis,M,25,4,Armazenagem,10713,2019-03-20
923,Benício,M,49,21,Logística 1,2389,2017-10-02
924,Levi,M,49,21,Armazenagem,14073,2012-01-03
925,Stella,F,43,22,Transporte,3368,2020-05-10
926,Luiz Henrique,M,34,0,Logística 1,7318,2023-04-26
927,Julia,F,55,33,Logística 1,13003,2017-07-06
928,Alícia,M,22,1,Transporte,3801,2020-08-14
929,Stella,F,26,4,Marketing,4572,2015-03-18
930,Kaique,M,45,6,Transporte,14302,2023-05-26
931,Nathan,M,41,3,Logística 2,2261,2023-11-29
932,Pietra,M,48,14,Armazenagem,3705,2018-08-29
933,Caio,F,20,2,TI,10564,2010-12-13
934,Maria Clara,F,57,30,Armazenagem,14297,2013-11-06
935,Kevin,M,57,11,RH,3196,2013-12-26
936,Vinicius,F,58,38,Logística 1,9759,2011-06-01
937,Diego,F,46,19,Marketing,5982,2018-12-15
938,Luiz Gustavo,F,41,9,Transporte,14685,2022-10-13
939,Ana Sophia,M,28,6,Armazenagem,6397,2023-09-11
940,Bianca,F,55,13,Marketing,4935,2019-03-06
941,Sophia,F,42,21,RH,13139,2010-08-21
942,Caroline,M,52,34,Logística 1,13138,2014-04-25
943,Davi Lucas,M,42,17,Transporte,11048,2016-03-25
944,Daniela,F,54,18,Logística 2,14743,2017-02-07
945,Luiz Otávio,M,53,6,TI,7740,2019-06-28
946,João Vitor,M,23,5,TI,4775,2017-04-26
947,João Pedro,F,30,4,Direção,3899,2016-04-20
948,Heitor,M,38,6,Armazenagem,2029,2013-11-16
949,Cauê,F,48,3,Armazenagem,5175,2020-08-22
950,Isis,F,35,16,Direção,12853,2014-06-19
951,Diego,M,44,12,Logística 2,14412,2024-02-17
952,Maysa,F,55,3,TI,13684,2016-01-16
953,Alexandre,F,32,9,Transporte,5195,2019-03-24
954,Luana,F,57,34,Marketing,14216,2011-07-22
955,Stephany,M,38,14,RH,12684,2015-06-13
956,Davi,M,31,2,Armazenagem,3455,2011-05-27
957,Cauê,F,22,3,Direção,10619,2024-02-26
958,Leonardo,F,28,2,Direção,1592,2013-11-20
959,Natália,F,49,9,TI,4018,2024-03-30
960,Heloísa,F,58,3,Direção,9537,2015-10-31
961,Davi Luiz,F,24,6,Logística 1,10108,2022-11-15
962,Gustavo,M,31,8,Financeiro,14382,2010-08-25
963,Gabrielly,M,46,17,Armazenagem,8109,2016-05-13
964,Maria Alice,M,42,7,Marketing,12368,2024-10-06
965,Agatha,F,41,11,Direção,5079,2023-07-09
966,Isabella,F,55,0,Financeiro,12459,2018-07-04
967,Pedro Miguel,F,48,7,Marketing,2153,2012-06-26
968,Fernando,F,44,25,Financeiro,7822,2011-04-16
969,Cauê,F,54,18,TI,9968,2019-06-23
970,Valentina,F,52,32,Transporte,9475,2011-05-27
971,Otávio,M,38,20,Marketing,6748,2024-12-19
972,Caroline,M,26,2,Armazenagem,10236,2018-12-31
973,Igor,M,60,4,Marketing,12482,2020-03-23
974,Renan,M,47,26,Financeiro,4868,2018-04-09
975,Alexia,F,24,5,RH,1889,2018-10-08
976,Maria,F,41,1,Financeiro,2700,2010-11-25
977,Marcelo,M,31,12,Direção,10643,2013-02-02
978,Rafael,M,56,14,Direção,8178,2014-01-29
979,Davi,F,48,20,Logística 2,8594,2016-08-22
980,João,F,21,3,Financeiro,10262,2020-08-07
981,Paulo,M,59,4,TI,12983,2014-09-03
982,Maitê,M,42,16,Financeiro,6248,2018-07-02
983,Lucas,F,58,5,Direção,14038,2015-12-31
984,Luiz Miguel,F,44,12,TI,9265,2018-11-24
985,Emanuelly,M,54,14,RH,13734,2024-04-26
986,Raquel,F,54,18,RH,6383,2011-04-09
987,Caroline,F,20,2,Armazenagem,3816,2021-08-14
988,Larissa,M,22,0,Logística 2,10300,2019-12-21
989,Matheus,M,39,6,Logística 1,4969,2017-08-25
990,Stephany,F,52,9,RH,4514,2024-04-02
991,Marcelo,M,59,16,Marketing,3377,2010-11-29
992,Nicole,M,56,3,Armazenagem,9057,2023-01-12
993,Ana,M,38,2,Direção,3108,2021-01-19
994,Nicolas,M,57,31,Logística 1,7351,2022-10-02
995,Maria Eduarda,M,35,3,Direção,11650,2014-12-23
996,Caio,M,32,5,Transporte,8883,2018-01-26
997,Luiz Felipe,F,59,19,RH,10766,2020-10-08
998,Helena,F,40,13,RH,1579,2023-06-05
999,Marina,F,35,7,Logística 2,6033,2020-02-29
1000,Pietro,F,28,10,Logística 1,9363,2019-01-19
